Column1,Column2
Amazon Versandmitarbeiter (m/w/d) - Werne,/pagead/clk?mo=r&ad=-6NYlbfkN0CWoUTlAHwWvden3mEFXzJ7FH8y00hSllTHXKWpC9YQjD-u7UOk1xgGN1OTOz7lxZeDjUSyjE9EXIs_SOz_0e0RQK9DjKDJzV5exrnJZHkjl4Yn_SVZL9YEDgToyI93ni4Ht2DisyKnisOx7fqsfIx-pBkLub86RvRXu6r0NHa09oDIK78THfqtdmO5VPENfv_fBWwdHDAd0TmyEKVNgYNPYVHjftB8PXRsoQjiqe4lZI5eC3kdI96DGHbEfIIrsWDMSi5CwLED93U40ZyldAi0gFLOi3-1hGC5sgcN2I5J-Jht1BdaXTjEngzcUwjrCf37fGojpGlxGgDz9-keKsf89cF1tuBMKzLBQRDe3kj7rH-MT2k9UEZv37-7KshGThzPgawm9mgzcSOkpdlF012mABYp3Q4ILqXIO_OKWHhyjGemzi93of5OoGnq_6vkAw4mpd_fmPXs3v0me7C3X97OkndZJqENpUACliQ955zf4bg7028YxEBZ64bbb2nRHMY81YE4278Xfw==&p=0&fvj=1&vjs=3
Aushilfe im Verkauf (m/w/d),/pagead/clk?mo=r&ad=-6NYlbfkN0BnARiJ2JiwiKowFslE32gu3_fm-SVNbwMNq9EnTY3DI-As2_Iqs-BOcCu2fGoiWlbFuPHWbBVAv2cq8YQgl_jYkyoWcBXdZ48b6vBq-3SFJ70VTte8r40rdn1vmkMyhKm8zJ2MUNwteAUnrVRdUg_D1mytdR3QovE0EeHSG8radOjFxvw7hyJKLQ09G295wSRQgqCCU71yp-Z3TbDMN51IuXi3u2tDHaKH0XlxDElmM-IJpsVlAHABt8qXeznOu6rv1KVsyIYGyJrZvvtfh2e8CNp0rSBJjc2L7wmdUYV1ygH-dPvHTqph7Ie-bmbk1ONYHouIi74WvA9BMT9sEt4opZqJlkTcdm3Kq5WAvQD8tndWWGcliTjUWdq5gcd3LCItEyIjPSGwxBG2WHt8qxuVmt4Gb_hFuAkJ1To3iIHCYg==&p=1&fvj=1&vjs=3
Aushilfe (m/w/d) auf geringfügiger Beschäftigungsbasis,/pagead/clk?mo=r&ad=-6NYlbfkN0BFGiZ0_BnRkJcyqWK9axzo47Sb-IY4WQEJnXuCrnJ4L59AHvped0oF707oV7exi2U7CUt74aJuiPq3nXWbawzYks6TYR2tEay8npUKzc5jlQad8yOr52p2hG841VDVORJpTB8toD6zhlf0q_tTGU6s7EYu6k_4Jh9MLkJxeKpX202X05dDGjRhmy8KWZH_HD6kDFqncWkS5lhvgN0_iYW-YaRsfG1IiGbFqbrMCPjDCS8Qb3wgj8hUUVNeJFT3we0lhQ6wT98CSZajvjOkW2AJvCyrPvMqAmhGde49W26hhLQYwQZSrteQ6NnlAlzlfuhWQiFW8Fuy9rhd2pVUPZj0qhoqtKNeMGCBtsgieENisq3Crshi416cbiZZp11ui35tb9iNZTHe5RH8KC8dEgNSoPjC_ORq4BMqwAcqt7o1E9UU3hYobV4335qVHPpe_NDqarRicQOno4uPdC9INLp-Uy5knUS-E8Fgv-oIXnTMFxGdlGdwTLs6&p=2&fvj=0&vjs=3
Aushilfe (m/w/d) -befristet-,/pagead/clk?mo=r&ad=-6NYlbfkN0Aq8ptcjcw_s3Lca0p1k2UQYF_n4AOE8Vhrn8ZgyOn2X8S0GclmB-qQ9IF7tPgRVc_9AF1VaxWRGXf4-hXJLbXqZzZXM6rKr-GMO7kjHrw-rdjwh3sQmk1EAKG4ngnBkyOJa61YNv6gUkOIoG2aZixlTh2L_6kVAT103xNmTDnotft0Hfi6HNS9GT3A51H_pgyXwAt0oPtO5H-ZT2QZ6AMwCJn30RmQWt-SWxSzCj2bad12To91MnAfy9_oIsZHzEUR6tZeHj3ZlDAgAXQEIQb1KmViv0Fq89UKHPyov027z3mlSvCXksUhwCqDTwzchwPzJAVFh89Zcv0MJI2IIPr5q1tkwud818ObUr68b7WcpLOQhocWbuc8EBK-GE61CjRevXynWuXLh75dPR3QxFKx-jIJpFKIKCvli2rrep8iErk_V1eZmqRLGvBum1Z7UlVoeUoBj9M-CXAxXwoxbBetvuw2-FU_y5r-Tv0RcnBAhO69_zeCOg33_NMH2crUiyTcrvc1Lq2E1bvbnoPg-waSTObiK4qGACYzsn8oG0I1xfN7tf87eld4jrUpk_eaa_LKc2iKc-9H_TRBE_IlDMU_LmkxduqUOdcRkas-AN5wyg==&p=3&fvj=0&vjs=3
AUSHILFE VERKAUF 450 € (M/W/D),/pagead/clk?mo=r&ad=-6NYlbfkN0DEilrxsJ5kxsAOvy9jZj88PbSFTm-3Y8PCwwl3atIH9EiWkDYzuLB91l0kC3ODR7Yj__AWl84WiQu6GOEzlN685EW2kb8ksxoZ6mHiNcM8LkcMNIGB2DzHJ-Z5DgnlPRoYIZxSY4qruUguXjYViyqu-Efc5uJ3Llrb1XuS-mGfqq0KW6a9d2UrVx53ExCcY38Ec1C2NOkJWhjc9bTmYb3A2poSHjlLW5Fu6eOMzZ8zfpra_AyMiKwNTU2o2s34QYQLqzJhT6L_PVeL0eSZebSwl3mVVz4i_xySKeUsb9Nr7oDShQkJ05lgYJkKdSL_QrU5tcbXlCwbW_ZUStHUh126VufxmOp0rNzLO8XXE9De1a3OVkSmo4veJZ8H0iNnM_VXoLQoiFj4Mo9RKxVY-CI6JlBeExWUgvQqGePev-HQfY_5vfmtiDnjfFelyGNQ78K9RQl---jIdg==&p=4&fvj=0&vjs=3
Aushilfe Warenverräumung Minijob (m/w/d),/rc/clk?jk=b5089cd01f9559b2&fccid=14b7c83f2c02772e&vjs=3
"Minijobber (€ 450,-) (m/w/d)",/rc/clk?jk=f70ca4b0bbfcd994&fccid=68dc87b026f0a6e2&vjs=3
Aushilfe (m/w/d),/rc/clk?jk=d79cceed508013ed&fccid=af6e0891027858d2&vjs=3
Aushilfe Warenverräumer (d/m/w),/rc/clk?jk=295fd2e3858e2b53&fccid=3d4a7e4a24c16144&vjs=3
Student/in oder Schüler/in als Aushilfe (m/w/d) - langfristi...,/rc/clk?jk=e7afad49e1095394&fccid=11d57bb9a084c9e1&vjs=3
Studentische Aushilfe (m/w/d) für die Logistik in Bochum,/rc/clk?jk=81831610b1795fef&fccid=a24f112b5c3f1e1c&vjs=3
Studentische Aushilfe (m/w/d),/rc/clk?jk=d8950643c81f1edf&fccid=11d57bb9a084c9e1&vjs=3
studentische Aushilfe (m/w/d),/company/ReiseBank-AG/jobs/Studentische-Aushilfe-e5a6260ac737a706?fccid=1f4a5637b126f5c1&vjs=3
Aushilfe (m/w/d),/rc/clk?jk=dc74b143e25254f7&fccid=ba5ab818a53c0147&vjs=3
Mitarbeiter / -in in geringfügiger Beschäftigung (m / w/d),/rc/clk?jk=0a8b6dd5cc1982d0&fccid=c530d05ea34d6a9f&vjs=3
Aushilfe Verkauf (m/w/x),/pagead/clk?mo=r&ad=-6NYlbfkN0BrNdtn4B6dIm5AJ8JWkYTqMqki4ZoQk99juF4yVLy5kSSejZfYfPtkTNCHu7OJ4VndXdC_j1xOEOH8RepfJDN-7eEN64M2mltb9HZhrCKtTg8GfPoes7wjg4d3Jaehx30OuXzJwq2pppNuDkY470mE3_e_rD67E0fs5wj-P-1zKkGwBrom5lDDeJBezg0WNDsao6YpTxuXyNQ_Ahd4G8w7ivyaQc4dnIbQAWtJoKI8LLvkwi5GpcoQbX4a5drDVhjUTAsyP0ZyWBdABz4m3ZiKqUNR4XCqfgn-vx-xxgy5OeSUrzHa5AU2zdGXTccEnQHXhkDjVg9aw6ls-rFd4db7fifyUGbYuF1RvFtpbIQwv2TX0vn0Py2o--xMW4_Ya0rmlP9nAbWFO3mTbZ4JD4NKoEWuj6QifMYyxpjb08UqMGHiAV9Fn9PSzi90-9Hwzb2EchyV17e5gPZTGJdrgj9yL15CzhavLbw9-Td6BVZW0uTiDsGXOlQDct2exoCciLk=&p=15&fvj=0&vjs=3
Helfer (m/w/d) Ausverkauf/Warenverräumung,/pagead/clk?mo=r&ad=-6NYlbfkN0AKrVKHPwItTtPCJ5IRlphCJajyBsN656ljLy_qCzwjVpekCe_Kecduq0M9_PPnBgBLZFrYCJGDU6ScUltwoyftHfWtMRZWMBihtu5o4-xY7sgqkn3eXDXXcQ370UaNEbhYf0rm2FTkiP2xkKYOOCsk5f20B1tL6nIdSayvB-UvZ0IPuxb8h16cb_RE0dXL24l2rzUMuMAgjhIZHDrp7ikM8QwwvEKhSo2HDCZbJUowN5XPfphJcv_Zsb-zmSrT0CkVwFITAS_6y9w08z551LBXD_3XlsEX4Zhx5JliI6qkdif0EcnMrUQ2u47FqIJKxhA5n_u_y5g3pI3ld6gKn0POB_751BCv3nCBAug7oXCftglfGaVwhfX5Zd0dM_hDWBeUa74LVJ23Q7NLowDTWm2gBfrWvHmx7O5kInjRnBkGxVlVC1alcGh-Ik0ugAf3iM1Le8GZDuz2sw==&p=0&fvj=1&vjs=3
Verkäuferin auf Minijob Basis Bochum Ruhrpark HKMX,/pagead/clk?mo=r&ad=-6NYlbfkN0DDXZOizLTHqXIAN28fmsxWmChQhQuY5qkgMBwMBC1N62g0B0ZBv681C1a4OOmk13KgtvQhpavmz7_OlvbqWa3DVa7_MfcPbMIP3upS-7W_HWMy4uCZZyR4cOR7Ta9YrxZUcrygASnymLDwPAchtLB_SR5bV0bX_TX15PELL0DMSWQq7e7e6WLPrA0dxE0zwmXi893NpgyzVEhoPRV-FXOh9I1pgrz1C9Rr3MUJANFugtk-eV69qw7RTXQmlkgzUwgWuTJJnn85brwAuiukNCXDcydfFNIckUDG4qfqgJJFiqGMQVgi6fWs6As0dhTkG1PFXjnAS5ypVduif6okZ5kVBv8iNNcrrtXyCDu37QSSX_X0c-0XgIYkfd8PcWqA5p4ZetxeB7g6TY59nwO3jYPO08ljY1KMulKSyKEWRHnla5BhIsVXY7ir70hhNsalhHvqGkZCDQc_pJUP7S7tqbkS0FhCLmgYtBo1Vurp5atXLUdBgBtrQobxQgF4WZckH5gGbN4sF7Kb130GMon4fhogxPSjhmYh6TTBz_IFo0VZkEVDmViOLshSjVOKApuA6zD3ZzVJUPkSHUl8EYqUAHkjnShQ82FN3DLGEdhJzkY2pQnyQ2RM_9BUEX9OuZFaXVJ9vnwLlYTnOMzq4W0mF1uY1ypVeGmkfHeGM2FuebqWXm3yDJ3IZNRS&p=1&fvj=0&vjs=3
Vertrieb im Außendienst (m/w/d) - Essen - gerne Quereinsteig...,/pagead/clk?mo=r&ad=-6NYlbfkN0BlZrpLV5ubDZj59ErklKJ8wViiOP9N9-WJRMXOi7_h5NUAD7VKvfrbfA_87HBlDIGqCPyPj5I4iKP8fHI7qVDKFuLHoCWmgvYBAPawA_g-dMABOWgTvgdZHXj6jFFXtOLSAbY7NZ1gBRTlTYaQZ_wHrbVoL8Fp8to3xDsn-QV1emjNaINPTx0dcRDm1tqxL4ngSoErZiMHp2bJmMnfCT-fvkco1GEfISeO77FZpgKWJZNdVs3xVJVKtYDuvu_4LAWjhvWM_FTPUU3VFdoPjD6v3d67z1gOYaC3KnUQKDoqxAFG1l_uKLhEDTIlgB7utqte-bCjYmXUWohsxHA9V2yjE-Ec5EdBs3859fSuVdICyI-MlesjD2gQxd4pU-TAusO3SZMTXxx7nhKEEnL9-qJw6akZNw4AOqx7R1MzXKk85DlQmeDghzKiArv9HhlWd9lOJNf6IXhn8ajjw0Ec-zPCZvsPf3-uj84=&p=2&fvj=1&vjs=3
Lager-/Versandmitarbeiter (m/w/d) 450 € Mini - Job,/pagead/clk?mo=r&ad=-6NYlbfkN0DzTckrREPQjQW8Cevqf8yZlNtznXMONptFoxLijr8YNIE7tGCqc3t0Boxb9Z6MbKeb0hBctXecXPmLeUgYVLxMFvFIDDDlGvShzRbKSqRCSs3BC0ZU_Lfddf205-03emeEuer8AlFEJCgNFIOvz8Mi6cHMfp8cbR_TJZEGYm_Y5PS4lkNYR7Ze0beUiaQsPgITiyFuvt6f_5fMFXrdR5P6-6ByHz2X1JDHGnIlsl9ffkaMhsfJt3N_YezZ5KjLaU16UKYbUyGgt33TvOZDIRL1zrehPaz31YRt5lDVPrszpu0_TeoyVOQvI8K2KEbxpgQ1NcmT_u7dCHIGnoKbZKdw9eqhsgDp_ktSi7BugkrYh2XpI-QCBfJIALOk5SNCDhzftFNw8d9UAyxcEshOwBah3DjEmPl_jIgR9IB_y5TpUu9HnyowLG_KRw7hEP0_4HavMVEqyvejWA==&p=3&fvj=1&vjs=3
Aushilfe auf 450 € Basis (m/w/d),/rc/clk?jk=d8603d32780d3e4d&fccid=04dd11a94adca42e&vjs=3
Aushilfe Warenverräumung Teilzeit (m/w/d),/rc/clk?jk=a32bc4a984fca51d&fccid=14b7c83f2c02772e&vjs=3
Aushilfe Minijob (m/w/d),/rc/clk?jk=87d3c45567e43466&fccid=e0fa95c985ee1704&vjs=3
Aushilfe in der Filiale (m/w/d),/rc/clk?jk=252b2e76b34726e5&fccid=14b7c83f2c02772e&vjs=3
Aushilfe (m/w/d) zur Warenverräumung,/rc/clk?jk=5613f5b58c7cf848&fccid=78a88b35b5b8e764&vjs=3
Leitung der Theaterkasse,/rc/clk?jk=022f08b8e02d25b3&fccid=fa7d9a8ae3d06505&vjs=3
Aushilfe in der Filiale Minijob(m/w/d),/rc/clk?jk=924dd23076a71f40&fccid=14b7c83f2c02772e&vjs=3
Aushilfe (m/w/d),/company/Studio-Photogram/jobs/Aushilfe-fd3fb1e0fb4596c9?fccid=ef6e1cc7a2e27930&vjs=3
Aushilfe in der Filiale Teilzeit (m/w/d),/rc/clk?jk=2f0f63b750e7368a&fccid=14b7c83f2c02772e&vjs=3
studentische Aushilfskräfte m/w/d,/rc/clk?jk=06ca2ec82c81e390&fccid=642dc0be28489a32&vjs=3
Minijobber (w/m/x) bis 450€,/pagead/clk?mo=r&ad=-6NYlbfkN0AeprMwCsqSnKLpjTusMmlXPKkJQm398YCejdRQeAweKSJNLOXJMjz_gyyaAQh074s3Ys7kKRwZtpC8dU9nBEQNYi6CbMnlPNN-4RLUJZ6eeSyQiXhoJEvPhzWK3jYq_AAsF8fS-o2WIfDFYO4p8n_jUfxNfRhkVG2I59PHK1Gd7yO4pQjb3qCUR4NXObkWZ4BppT09AYHZYt7mAODQtFpyJcGoNX9FIUJk03eFQqUBVwmpRED9K2Zyblwedu16NQAetNbt9YKjioHqtnjUmsTI0td6hhc_6mcCmd2N-W7KPfsVtWZom8pojLV5pWkncwIXCQXMDfseQ4roFztaDxiijkxrYHDP-8Gu4yVgYk2ck7Q7yGvWfn1-1-XwzzTv51O1fFDrkERkrCGc2umsxFDYQhU9YysozI78mlx-SngjHg==&p=14&fvj=0&vjs=3
Logistik Mitarbeiter,/pagead/clk?mo=r&ad=-6NYlbfkN0A2afh_t7nZonA7KLMD23BfBljJdjlHynsJM2_fF6irC55mhU9CJnDynTWJSW8jcu4qdMunZgwXGVvr_11CHxtkgdbNH7aL5YownyytGbrhxAPf9o71vTHVoHG6IWNmMXrPLdm7Eys12IWT6jMFCwVn8FBEddjpjrvSBXMi9y3lZskVb0iDkNvUQZ5cioMidhwSSsn0yqFBk6EjQa6YUty2blkTzgr1YS6ZM10y0UXyzhOaxD8KzeCqzZ9ZLplBJVD0hrFuegazm6BDG4Lzz2ny4b-N_fX0t-zpEdutP84S-2VJdeHU817mpP6jD7R6a-LX0cD5OWUwJCdd5lWuxeN5Ovshv4vOEc7_pfmO21-0YVzaNncLzOWzyEn5vdjKfyYr92CYTHoxY-fRx90Om0AJuk4KrHnLGZinACvk6FS26Up3ag_N9zdxYfiYeWLmaSeH5KX2VCJN0qxPeIQ_xqJcVDyS9Cu-GZ22cPDUBYdY_VIZ8buW2i8-hJNw-WSB0KVcUZq1oEIaqtuaU1bpBKXuMveUtwLcaorqT2hu903-Xk-QYTjiZi-7CYiZaAQNy-v7iHhR0enV0IBy-CX-fYocvvtofe6xgBgzjIqcMeE3fw==&p=15&fvj=0&vjs=3
Amazon Versandmitarbeiter (m/w/d) - Werne,/pagead/clk?mo=r&ad=-6NYlbfkN0CWoUTlAHwWvden3mEFXzJ7FH8y00hSllTHXKWpC9YQjD-u7UOk1xgGN1OTOz7lxZeDjUSyjE9EXG4aTV3jXZ5l00orDanQb3RGYoxjKIuDeVvn4PTyeEm0AQbd-KyzwVXPlZow_VbBwjYqlbbb0OesBS84QRvsuNuM40MfhUd3VqOBYjjq-7NWm0KmFa4ncipDVJpoMSVVpyNplWNxNSNfF5hSqOILnty0uCMrMKQcKGj2Ky6ElZ35vpTKnfL0RIGArtg1_kUGRMMt0PPXNKaZQI4sQTVmZLYzFUlQeuiOSX_XeVqQkRKGq_C8wIaN0fdAhJHeQKCZz91FJBWG5r_Wzhhizo3III7VlkiEWgm5xYIp_rncRFqQU2Gtxd_TeZhpGSJinvL7SiyL8VeaU7EnvFxrKURSO53bnj8lKxgXHA9_FYWiK-OA6H7N3l3xOMwGtknltbe5ijIG-vwgGBgPsAhIw4nWf7zlEIWhmmZmcazIZwalGzJ2XQSherQ4BBS76wOogDYDzg==&p=16&fvj=1&vjs=3
Mitarbeiter Verkauf und Service (m/w/d) in Teilzeit,/pagead/clk?mo=r&ad=-6NYlbfkN0Du6MyKWxXAaFE6I7ngLNi5dcqOgqpciQFgm4ROA6ZO0JLrWgRFR6Ni8dE4EMoJS23-kfuF_y3qI_xXavvBzA-NokqHMoI6tOObiS-HH6SMlGK6od_XdzlLxcArKrlUngWGMi-kq_aF0gEcZBA_yunbWmmegvQj0raCLbBlFLfmt8tDwQUWR6AxrCzVBm6B9ibHZIfm_k7nMXURxLL2VyOq-Mshzs0N0ow4cje_ZqMyapYmKLIIAQFk0qPy7x-MqEOlqc4AUMEE05BhteaRF_oL9A5aNGHnQR80T88oI_YfrF631UOdx_qZOa0Ho-bbqx94haItlt3MmedWUng0t0G81iw5ANLTby0GFHiH14EEuIM0NsLbgHJGBMQl50p1FHZRf_1i-lxHrFfnujDCYa1t3mv47YFMFKsb-zF0uRXT1XAfN3u8mZf1FTVyybSkPJl5_z1-hMEx8fRnmi_tO82MEY9gTlL6FTm8wuldyS7qG1VxPBWFUCXdLJJwaz-TKlA8Yw5oH61Y3v8MPQpmE676qLCAhdHmorV1PZn-3-jUq7sPufKWZnIfcHu4JskWnyUpDIeDLLFl2UpPh8AWzoakSLEgE4AVJumVPTUlvhb0-rF_lsl_SkOO3xidqRNJixQ=&p=0&fvj=0&vjs=3
Verkäufer / Verkaufsberater in Voll- und Teilzeit (w/m/d) in...,/pagead/clk?mo=r&ad=-6NYlbfkN0CCbOqLFAkE17MDkfB5QkeK_R8bo7qf9dndHNr_grrY-BOC5Q755j7H0A-Ii-OIDhRyoQUMpzpQYrJ-JV-YoYg3Haug0BbWYBF1jSjXX1wE8rNGGghVlBfjBxXIaawQQK8LXLO_NyggJY6yYClMZw305rqFR-a9WeDuQ09xt4K-o3ErOeao18VtLl2lV_S1BvbVFAX0R3gszs2FZpjl_UOEH71VpiiiahhgZLzCLgc8WkYZVqBf7Gk1PjZqGxrMXJhUmdfz2--g6Bi-3RL2ILqs54V_7C2qNAL9peNCsVlJTExyP9I4o5iqAmVqPSZW8W-gWMScbXZ9r2vBFSs2XR9WkdiOn2qcKpknztnFuic95itTuZRn-yDL&p=1&fvj=0&vjs=3
Studentische Aushilfe im Verkauf (M/W/D),/rc/clk?jk=4dded5f82f8d3f1f&fccid=bb383034d6efc405&vjs=3
FLEXIBLE AUSHILFE IM VERKAUF (M/W/D),/rc/clk?jk=78b5484d518f0c21&fccid=cc5e1bc64a707377&vjs=3
Aushilfe (m/w/d) Minijob | Messe Essen,/company/Aramark-Restaurations-GmbH/jobs/Aushilfe-Minijob-Messe-a2e43fbddfe7a7c5?fccid=46493eaf79594f2c&vjs=3
Weihnachtsaushilfen (EUR 450-Basis) m/w/d - Essen,/rc/clk?jk=f5a3887bf43f1f42&fccid=872a10607c63924d&vjs=3
Aushilfe (m/w/d) Verkauf | Minijob,/company/zero/jobs/Aushilfe-Verkauf-Minijob-d78ae97e779824a7?fccid=a9bd19a3e0636d71&vjs=3
Verkäufer und Aushilfen (m/w/d) - CALZEDONIA Bochum,/rc/clk?jk=4d0a0b7e3de6a044&fccid=3fc7e962101a2dfa&vjs=3
Studentische Aushilfe im Verkauf,/rc/clk?jk=2ab01f9f23861249&fccid=a7ad86dbb0adef7c&vjs=3
Aushilfe (m/w/d) -befristet-,/rc/clk?jk=8384af81e147157b&fccid=e5a9287ad52e33a5&vjs=3
Aushilfe (m/w/d),/company/Rund-um-den-Baum---Dominik-Hoff/jobs/Aushilfe-720c65cc24f57a2b?fccid=3fcad1ba85a82ba7&vjs=3
Fashion-Berater/Verkäufer (m/w/d) Aushilfskraft,/rc/clk?jk=49619800bca2a9ba&fccid=523c499307a3c44a&vjs=3
Tresenkraft / Service: Schwarzlicht 3D Minigolf Teilzeit - 1...,/pagead/clk?mo=r&ad=-6NYlbfkN0CMi23pYcjyzn_P8s4i8xpS2o2YweakWZ7Nz-K9fyLwXSKJ8LvsCmLsW1-JmbUR-bNM7dA2ex_lWKSgsYzRMYwhEcHlOb22BJJ1azL7exDkDXcgBQ04l-42NV06VMreL9QRvY-dZajoctDOkWA18v7OOUK7JkBaPaPafPmE_bdBsWperMkIqZEKdZpACumUlvf4lbzk8L5kY9RRoANY0HHtSfX7u3ZM_9jDPR9RAp168hDKJflYuQkQSPX2ZtxKdyRdu87mweBMiWDErZ0JwHXwIS9X5DMHczLsdaPS2nC6gFgxj1eKGlsEKPFJ-XX331NbIOJdGd13eFpY0XcoDPpSe72fh9SNbQcQJY4q-eTotqNfwP4WH9zgsQGwr1y969Byd7WIVwm_6d3V5BbPJT6UA6wXnWQbn6EkLNNcMrWkaM4pKXP22Rtv12vDHoqmFPNAhbpd1c1JEMqcrO9gQj-xfHbxDRQ2-w4l1lKFnnEwlw==&p=12&fvj=1&vjs=3
"Aushilfe: Rentner - Architektur, Bauzeichner, technischer Ze...",/pagead/clk?mo=r&ad=-6NYlbfkN0DLVz4aZtk7IoMNavuxmG30J2-fwGcVzW6Dbt4kAt1XFQmNCALTSXdqeyxfyNtE2w21OSik6l5WYHQ8DCqAckd7jwOvGnANufQcu0puT60p0Fk3oG6UL2syEXVn5m-NWAyojunwVdcuuaYKP0G7GmctSvUM0eLXxR3qPizTzCG6YgquIjurHncngtZbG_ZR9g5d15NEDClS7ZeB2tGaJGGjwv4zUgyqFxfJouWgo1IvranMb6p7PdFLK-UxQQ2TMa9HdmPD1l-r0ghqclX4twxZ_de_usunPrFMJpga5KQTrR_3xjjGNUpCVmhOh1FcdiMaFb3OB4O9Q_gu8H02fkNc8l2C6htgA2CmUTxBjrB8FxRkiCubunh_i3DK_9agWXnTIUzKMT5BRxk5ZO-q7JI3SE_x9H9gwIPYSY4dkDhGERAq7vUD-WchXDhzTBtwuouH5PJaipfEm_S6OAUV5GXpcbwyb2_K-PAlIqgH48FxWabDdCgmlX_1&p=13&fvj=1&vjs=3
Vertrieb im Außendienst (m/w/d) - Essen - gerne Quereinsteig...,/pagead/clk?mo=r&ad=-6NYlbfkN0BlZrpLV5ubDZj59ErklKJ8wViiOP9N9-WJRMXOi7_h5NUAD7VKvfrbfA_87HBlDIGqCPyPj5I4iJjuL4vqWH3zuP0pAv844WspATaCPRKDwe-W7m9vX_OktX-KhXIFWqeilduTTC7s5Ky4MkLjV0Hh-Kxz7J3QLAyuZhdUC905o-ZitCFQN-iIr2RlQDhV94UiICw57XHRo6z-BKzed1YpQFgMriy3a-Bl2OZVxN5gJb8YK9FRo3oX4KLhFxzZchUbAGBbZe0BGsUCC4_Kr-W_rT4Em5qz3vBjXQ4pelZR0RSwdki2wRHX431BitpMet66tX2Jmzn8kZ0fSsMoUwz8HVBaxS3c4MoBBCbJN4Suc-wyCbeNkc-IudVZVQCABUVWgkJ1pYtTlRr292KROJTmoPm7Er2PnjRGz3Q-gY04ogq1m_95i35VLnMCeD9a4i5VneznrdGnBX_ko3ovuEq18fRxkFFhQ3o=&p=14&fvj=1&vjs=3
Service Mitarbeiter,/pagead/clk?mo=r&ad=-6NYlbfkN0A2afh_t7nZonA7KLMD23BfBljJdjlHynsJM2_fF6irC55mhU9CJnDynTWJSW8jcu4qdMunZgwXGaTtbOAltnZSxdp_E3Rqbmkf_du4kxcDnDgx_bjW3ZeYML7d1g9eQMJCoUcXeyvv75PIhAK48n_TXD0UJIikueegRNAbLmC1gn7-f7muQFJFqOsa9xJt2ID1TLlUuhLnUWOGBtZ6aHZufVGzTXA2ilbPyFyFCBuwdWiYSRm68M3-kQ-yUNMRTtVflxqntTSPwTFLvq8lPAwP2yS786lQcwaTXEhY8XfXz7a35IsdFBuntj5pK1L4YBtMvr0dv1mVYhAg3TnDfWW0Jlw2-bEDJmbIbgX4e-CCVIgJRjdYauhAlnG7VhsHgrzmwl3cnW-NyQfg00CVXoH73C0X_6IciPr_KXmMxRaI7zFXrFIuOxNb0uvk9b7_M5inkqedCdG-2o8Zax3bxQ6I3ljecgOL8EHXDFrXbHGJgV3KriZIF1JStRhVgKvj83oLbcqFZT9Q-WhO0cWaDWWuw0JD4Hl7A44uljco1VEzTN54afEgLC7fn9m5vEtSBo_AlzIqV5WGqToUW8ExTIZ10SW88vYk9XodQywThNSOpQ==&p=15&fvj=0&vjs=3
Mitarbeiter & Aushilfskräfte Instore Logistik (m/w/d),/pagead/clk?mo=r&ad=-6NYlbfkN0BeZYxIXI7byO2jOyIzZ0xf6c1kqEXPvrqQrOIReS6i-I-GgEjeU2j74CPQbaLVNJwmrxslig7EgoVALH6aMJ3zKIPVqA5vx2urqOLVq-NLB1-3MFMwPV_es0BhjQbmLjZAYYccV-wNA5nbw2iDi7ES77dSu2n8apzvN34p0DsciaOTuagC6c-7J2gqetWI7vua_AowhF3NAgQRY-ENftjuce9MbuBPLBBEonVd_eNE1mmJmotYIElgQvdwzPrXhO5S67d9RPS0_E_SkskyfpUS-EoC9HaqoNVqb3btGjOSCcIcdQbB6OXi4A5ZyzjMY9ynYtqqNEXi3OgkLxH-sBFcFZqGuXIbNTGEo8Pgt25jh1izMvi2Im6vrPGqBj4NHHuYUiiYdrtGE-6LEV2U8pZPItBp0KeNAM9W-GEWwSzhvKHQG7F_bmC3SoUEV0G7jAV9ZxYQ1VO61c7xHgbfKmob&p=0&fvj=1&vjs=3
Aushilfe Warenverräumung Minijob (m/w/d),/pagead/clk?mo=r&ad=-6NYlbfkN0BeuFwN58-0YtsHx2m4wIB-wa8rDSP1HoweMtEJZpr05Aj20GW42tgQp1I8w2nb8FDJYyIDCD3kpiYmGejBHLcaMNvTfuha8bqrge7Z8ZEJnOmoqyd3uIz1khAEzHBN6vq64Q_jVcpwUEfZbChMdZ-U2Ac5-BGm6zZ5b-J5CuAdf4kH06dlufebdsArYVhXpbRuHQDnNY3HVqoWY3EexxdhqpY02rwFaU3qPh6M1LXfx0uzgzEXqnSScJ-6F3YPb5qIpkC4Vlo8A4AY5hzidhRBj5av1_JFfjLGXqeuDN2qViD3YoqQ0KAoNKFyq5rGp2Y_9Z2RjeWXv_guPeJZX8tcyYHy1V2Pfb3shjwZs91K-wcDWsi5aaVlygRfHim-3jPgJEcs7IradPFDNR1lZoSIGQxRGgPpVdIjShBhhcnXsilp7iFvXIaYVlJRbqasWEjBOaGy2T8WGJ4O4aBbWQcZ6sBu1915CtnWGJsDXWPsjuQB-gTygOgE9XifEElRz8pLnNmZPQx7bidMLkNVF8hH2ZgfLwcOiOi792o8wnh-VV1QNaN20EXI7ur-aOOCemZFIGenDieo-KKZMEPFG1aVejOXezkhUftaLDZEFZhhjtrPdHD5JTld7DUOvEkATVzTD77IsFYdozsTphZmL1XiggJ8REfRieGWp_Eaax7URnMTdaWDYxjP1QURKP3rTS0Z68oPHPTfp5eG8_JElg1IcX6Vdp5twKwQoQI2svx43uH6ykGmLsQkFq5yZMziKgA=&p=1&fvj=0&vjs=3
"Aushilfskraft (Texter/ Texterin) (m/w/d) auf 450,-Euro-Basis",/company/W.E.S.-Kommunikation-GmbH/jobs/Aushilfskraft-428b0f0d96455b8f?fccid=a50bf99172cd8722&vjs=3
Aushilfe im Verkauf (w/m/d),/rc/clk?jk=a3885911a87fa3da&fccid=01adde0cdd0369e2&vjs=3
"Studentische Hilfskraft für den Bereich Vertrieb, Marketing...",/rc/clk?jk=588f241192924fca&fccid=e67d72a72349a56c&vjs=3
Studentische Aushilfe,/rc/clk?jk=f161c3b1ee22689a&fccid=1f751350bddea0e9&vjs=3
Disponent (m/w/d),/company/B.A.S.-Verkehrstechnik-AG/jobs/Disponent-0229df19f0efe83b?fccid=0def19adf3f436f5&vjs=3
studentische Aushilfskräfte für Pharmalager,/rc/clk?jk=b5c1769a513ceae2&fccid=642dc0be28489a32&vjs=3
Studentische Hilfskraft für Business Development,/rc/clk?jk=628535604024510c&fccid=e67d72a72349a56c&vjs=3
Kassierer (m/w/d) zur Aushilfe,/company/EDEKA-Nadine-Driller/jobs/Kassierer-Aushilfe-bf8ad3b75879236b?fccid=03a1a34c28e71ed1&vjs=3
Student*in als Hilfskraft,/rc/clk?jk=aa0e56289cebc8a7&fccid=8018096396cf7030&vjs=3
Aushilfe,/rc/clk?jk=6eef80dc83efb218&fccid=ab4085ba2e6db837&vjs=3
Aushilfe Lager (m/w/d),/pagead/clk?mo=r&ad=-6NYlbfkN0Dn2z8dyhF5p_URTRZSepL64dMuPIYJu5IhLeiiZip6PTwWN66OzktYtoN1weSew-LRieAqKI7G7J_QVwqRvAWyHid84l4DdyBb5XqEd5_pJP0r39Z02eJCbBQbzQlu8qYC3HPAFUWvTXX49C2Owq6HSMeRZd4KFqe0g8jBLxcsUaJ9CzjFf0YWsu4t0q9lf4-in0MYpq-NpYy2C5gtjg7K6UhSdQcuHax9PL97ohq4pYcvb69WFf3FUyjwIpLxRLbAM6dKHAWt9pgBf376_1CZ-QyUcrOPoBsxM1Tt9nAvcPi0AP_yohY-fd2fmKGFn4BN7Uo-GviaxXQJgacHQbRG5sX5bQi-74eYLDegJ6EOFEoNcskoWwXNuVIKmEgxYeSOyfk2VJggg1TqEJ6COteADMlFcsa5Ue4W5DXYggbTTA==&p=12&fvj=1&vjs=3
Kassenkräfte (m/w/d),/pagead/clk?mo=r&ad=-6NYlbfkN0B1ohfXCkt7G4jl9xIlRRp3_TeywHKwXbs_2MepTft1mFJJpb-7DuPWDwHEajrAQpAATJ7qQAfw72rrrcmBWYQJjwLdq9su_yYQYryE-KNKllISjabaG7kglL-7RdPBaOG0j12oUt6GRmC1Nr4PRjnl7FkxLnsDPgsCzsi295QzVCQDYw8vADsXZNuYSDBTrh4juPcUvujy74aHTxMzA0GbnKWLcipKgnmHEDd7djO8RULsJ0-k5BP9QKcz6v0ZPEgTl5NrVGZG12IHWxKHqer76UqqejFweOkX5DFOGssZkB5O507lLlILhZG48KGqHa6Wvgljk-RYddwzs1uZnO9yZCHqRQ7-llcWlPk-22W2rHEHxOV8xn7YRD3K6SxIw4RB6S2xJijv7amvB9KCxNrnTdhWaUmWMbKl7UpD_ak4Y-ab_mkraXox&p=13&fvj=1&vjs=3
Nebenjob als Social Promoter (m/w/d) I 2500€/Monat,/pagead/clk?mo=r&ad=-6NYlbfkN0CYamA-6SzJOyKOT0F5UVs6s8cNynRUBO1SGaa7wzsKmJM0-WCDu4Kb3NDfS_GGEBc1gq4o-5pkHICysnwoilgl0TJ9CnWMBZ2jPexbGMKDVWiOZojsKvea_D_wdBScB-FbFONaqBuqKRZ8BX6wmEUiaugeZtiM0xhT_WpeKfQJdDsxUifgbga9V_OA0CfdxeTVYxqkrdiD2r6Qs0ieDwSONVW9-neKX5SiInBhpRnEGjtqdBNuY7_WRXkn30aXYemWLvEaiS-fCpCzNw2pt-u9mqf7OgHfrGCfPsnXaRRboSsfniDncxFqV4UN3iFS56H03QcE3UEpgoaW1j3HsaQ25pR-_8b9AKTfp-bsbNFfBPBMAq0Yc1QodwprEdh8F0SsNAHmaFgD3YmRYgG2Zg4qxg1vhk_XOM4=&p=14&fvj=1&vjs=3
Aushilfe Räderwechsel & Logistik (m/w/d),/pagead/clk?mo=r&ad=-6NYlbfkN0D0BOMwZPh6s9UjQts77cnBnI-Ia8tb8sDyHBTAWg9QzU2frrl2cYhmwizIfWZzjMKaTJp1_28yfgLKVrluiuIGLJYE2ljljdUPmNiur7KfP04QhEum6K6qUebJvLccsGje3x5oojU0AU361Lb2Hp8fp-STTKCZvzen0-vBPnDcHmO7r9WB0Fqf9bdZnYVjsjcTELFkRmhCnprfHNhiYKyi6eBsQA1i9zgFJxtdAkNM7eNA1tGGwMKkdz_GYNRASciJodnlYcAZ7w3kr8qUUXJq0tllToxQIokp1g03DPjX8JNPZ0Gz9JxGy47mZd85JdUh7MsQv1DIXkYogfzkFh4kxzGPrFVlPYkbKCJXb-geJNCd2Bgb1KT4s_-TAv1cVgjdandsJsboDfjTSkJdvs9_f-jjVdAjOSOTg6nWKqMAaRwIp-LaJsNlQGq4tejF1_g=&p=0&fvj=1&vjs=3
Küchenhilfe,/pagead/clk?mo=r&ad=-6NYlbfkN0A2afh_t7nZonA7KLMD23BfBljJdjlHynsJM2_fF6irC55mhU9CJnDynTWJSW8jcu59-Qu-c09wRNIhTaOUQCSuCH_Fiw8heJCUxfkHnj363leuER7ePJOlsE_zFFSq_ontwJUQPIyV5wqdaXSYkt4HvDjph7f3g1LZKuMoseNofGLX8oF-3HgK3BQHz6dL-euUf_Di27TdzI1zIkTRVR74TrNJ9JlRkRrMsGtLylKvF9TST3AevwQgIimeMRZfUJf211VcxKQrOzEPiUNFbSAU6Jq9pWi09TMO-w8VEnM7JeNX_W5VfYE5eLD9FIwYjxB6xo3ZwyBh8rGo1GlbPTnuOFDCkGbRsVLRZJJxDPu0uI0wDzp4oU4Hv8V-UnoA85DAWpD9gIVTG3Rzet9daX-5_ptpdq4C1WezwbSQQbYekeFmCzLrupdTANYn0SiAM_xW_tRkWdBI00kPKu1GNshDjqVKwlKgcARZoFxvzFiNPr2Z0iK0aFScJZn9EPxNLhIdX3QpbehlnzQ79YXdFyjClh1iNxpISezB3ucEguKlm32fm4_nPJOEREpVORdx2iFwZF2xj2jhOOTbxQ7VlxltJTXbb6Z4uhk=&p=1&fvj=0&vjs=3
Aushilfe für das Weihnachtsgeschäft (w/m/d),/rc/clk?jk=c8b4b16ee8ec9c1c&fccid=bd199cbc8ceca868&vjs=3
"Minijob im Verkauf (m/w/d) - 10,5 Stunden/Woche",/rc/clk?jk=793fe2f0384006b9&fccid=8bb7793aaa816278&vjs=3
INVENTURAUSHILFEN (M/W/D),/rc/clk?jk=83397fb3ef61a5b8&fccid=025f25822f69c7ef&vjs=3
Studentische Hilfskräfte zur Unterstützung beim Job-Speed-Da...,/rc/clk?jk=559952b090f249b0&fccid=07a431bbb579a622&vjs=3
Studentische Aushilfe (m/w/d),/company/DFB--Stiftung-Deutsches-Fu%C3%9Fballmuseum-gGmbH/jobs/Studentische-Aushilfe-0d83a41eb4bff404?fccid=fb7eba888e2d7f04&vjs=3
Aushilfe (m/w/d) Verkauf,/rc/clk?jk=8b2f97c662b3afff&fccid=f20bc89306bc286d&vjs=3
Aushilfen m/w/d,/rc/clk?jk=76c4035dcf4db4a3&fccid=816df22a5b9da9aa&vjs=3
Aushilfen gesucht,/company/EddyVent-Event-and-More-UG/jobs/Aushilfen-8dce6041da84b831?fccid=3a7d94fdb1fabc06&vjs=3
Vertrieb im Außendienst (m/w/d) - Essen - gerne Quereinsteig...,/company/Verisure/jobs/Vertrieb-Au%C3%9Fendienst-21f0028c1a922d84?fccid=ed8ba7520e3f6ae5&vjs=3
Aushilfen m/w,/rc/clk?jk=ae728f86600a8531&fccid=816df22a5b9da9aa&vjs=3
Kassierer (m/w/d) in Bochum-Wattenscheid auf 450€-Basis,/pagead/clk?mo=r&ad=-6NYlbfkN0AM5SOaJ9bgKvOwmTCC56wOnSFGAq78YM-ChgGja3nvvMnuQN4JPSD2rwtUEd7axhxZaciGvOv0EUEqpvl0VL7IZyxNZBjdUcfZ5LTfFd2srG8Q5_d2iwVf51jg3jtlSrnD0qzLbPcYtJXiFIg0NZU15CYLlIPkXyGfKfKXVPlUXgggBgPOwoecvUQJggwdtWHmF-IPlROu_7d3ndUHxnoYT49ahWQgj-PaOvgGML1FW6vEeZXO76mJLDwvtKAL5VreVCExTfH7F6lA5Hf4a18purlfKPpT3w6mXNuVDysLxngEDrReQNKbFh1NIkRjRiU0s3wIWULYy5ZBovzh9r3bOk4T7tCt6Z_pQ87-H7GEtfikFC3yD0m3U8wcn84zZGFio2VHXgHboXRsvmH9qYFz7NsoUFWAB8W8f0mpA6mZDcXY-EZdxftL7O8p8C6jkkZ3RtFr80wRhzry8ixAOjFBTlSnUkzDh87WzvlVEEb6oT1gf8om_6QkU8_Mv8y_2hHLx_WJqtQgozljA6GMcK5NQ4w-cN2oOzvo3bNnMoeEVw==&p=12&fvj=0&vjs=3
Aushilfe (m/w/d) im Textileinzelhandel,/pagead/clk?mo=r&ad=-6NYlbfkN0BGeMS5C0mMjaCxomPuGtDoG8mIM_P16sQEPxPo3VB74dNKRFiQJAlrfyc7PmzyrRCFfGl_Ip_cIzYa2dcLvJwGVmO84KBd3hiQsWS9w09yE0ru1Na8alp1sq1DL3AeU_1aNqYCAEYygwz98IK-ldXhqVHBlnKmhvxfybYePQnqVAPVafg0B_mVNARrY2p4VbZS1pt-0sjTSDJR6C-a6LXL-jdXc4UpE4uGd0DtvmjF0Qhr1xQCKpO9FphwHKRQD5YG9T6z4PojzZpKD4nApFEklqYdhrlxLH6ntLBLMmwNSuOBJJzz0Gi_-KAd-HTDJOD2RAOTuDEK9Y_DxKCmznDDDCh1L8xCYAdcE_YQPJwsrUnAIrtnagVXywpg1q2roA4EOvGOJxKm-Y1vBoD_EFYGBy-AdtjcFirvWVgv-icKpZHl6yCO3gXa7JnFYCNe720=&p=13&fvj=1&vjs=3
Elektroniker (m/w/d),/pagead/clk?mo=r&ad=-6NYlbfkN0APuIM4cdCoQnJeXP9-3p7wuKd8xI260ZgevPS09Bc223wYWgZJkLPNaSfVY1FLZeGqhFs5qk1GMBbGPo06Blj5-GXFJEgMyFhwTAssq_4HQ0ivaX_UZtIjuJEm06prbK_uMsdzXz-0_BxMYe2XfZQ91zdHULCVOG2zur-6DB5xEZEjyGuQiyzHewMT8wU1LD4tabOdCI9JHYd8UofTA6Emd5g3Dh7lNNg6yZ8VXEnsD3d-4lb_y0_Ah6gXUJTtdmVfeR1sUck92_r3tTr3YiubIlH2hZ1P9v4Yorw3-Odzddjue-IxU632O96YsjIdLbqq0eNA1x0M4GhVAtvEWWDBdB-9Lavc0UGUdADn6zAXSTTBqUDVakYHyRS51ruk55YVWNoKvqP5mHH9Z9COiYzuJUuDDFwq8lZ_39-ZKc2L14L3ypX3_yGJxbjYp5R0_nTd0JFuFy5-4Q==&p=14&fvj=0&vjs=3
Studentenjob (m/w/d) im Hostel,/pagead/clk?mo=r&ad=-6NYlbfkN0BINeMOgjeb_uLr7d7jtAOpJ3FA65wfsbZKlRg_SAfmygWnlt4sjmgZZganrnwKL8CLyUQFFtMGzJ2uZhiFrrmoNQ_N-3IV_jIBkejsB3o5Siihm00KNpSZQYS4rU05BF5LskB-U6LLn2LLbE9vAj3ql6CFiGRvylXMZ8Z_uM-ZsdrWWROoCiR7Gt5pcv2PlZZOsZyEDLx8c5SM7XySSUzqWzDkgkxdtsSRm9I0TDpfjDGCxwW0Ib9VJnlMX5Knjs_UN07BIXvtrWLVc5DprwwZ_jt1c7m6_9ordB_GqrlEKgDGUJqYxJn6PMSTAZ-cAf_ZS3DVX0xX_THHawPTH0JgbufCYb988w2unHr7Vs8MHH8sWPm8XigsN1nzdp2obYMa4BaVpPO_aOwSkTEo8KBJYrigfcAQsVdiVdiBqqMZ-48eDg4I4JlfYV__1aHGBi7dwJlLVZqvie5Wu2kNTRuF&p=15&fvj=1&vjs=3
Kassiererin in Teilzeit (m/w/d),/pagead/clk?mo=r&ad=-6NYlbfkN0COu_AaQ48-7mf4Jpk2437q7H-jTjIXMQ4PDqLEqhQHksWKEHDGFj5LsWMPi0wsJwuB6lDQwvC3FTQ9htLs9ROktjf5SbEUv7XQW5k3og-FIYFDtUS8wmtXGdDcq8aEOCsiYTdwaGm3lsE8lLNyO_Deeq5jCzu9eQXuJt5Ta0C2UF_WFQrkmU2qBb-a6wDcqgyF0dFHMFiIssokBHxUPhA0e6X72nw0B8at2puuWi6D-hHnEoWpq_T_4IU0ifKPNpDD0h5YRfob4L528xk3XU46VnEzRbio6ol-Q4g0Fqh2whyqG4HoNR5RZiaHYud0Umxfhr9jb6uDL205lC5HM5fe8c98hsyN2YdSqjywmFlkYtOW4S8jeUv_zBEe5Nb_3woQFT3QAVmgyMDMsQBiguf3GnPteLYml_cAhluypijMU5KysTrVaf-8&p=0&fvj=1&vjs=3
Mitarbeiter (m/w/d) im Service - Trampolinpark,/pagead/clk?mo=r&ad=-6NYlbfkN0BRvocmpnA0GXjyHdtkJ7um1l9tOzNsEHb2dnTrBHsqr5eHZSbF2HKK5h-jmbq7Cgo4Fzyazc73xw4sp4IUReGOmop8wCukGbyPmhJsjE3EG1WxHh1xSHGxT99LvGa_3ZDCcWDNys4L5zssvUteAMwmHQSgXqIgMEPBPnKvxCCBDhgCWPK-D1dk5JohDKfd7qbmy1_YmGFrzlbBeAgCdef3qaI8k5Afs-HJX2yTZ7RNEwyR7etinWmKkQSOqcqJsYITN_-xmZPsYBxVJnQ4BCp3rMuXB49b9nmpU6ZOPgsYDOFufycEYwYT0d7YF9-oQayRENPubkiM2FgHtkGjPg8hrl8EZpm0CjXntK4F0T-4g9vx7oma5qiID9tUQfFqn3SQVNm4yZbllf0Zj8f0XYnohAqClSeQRiUPsmOmV0xBEt5p-HHpPSdDHlox4qNzZsE=&p=1&fvj=1&vjs=3
studentische Hilfskraft (m/w/d) als Aushilfe in der ambulant...,/rc/clk?jk=60fd4d4aaa1d6940&fccid=68ba0e35ef447f19&vjs=3
Studentische Aushilfe (m/w/d) im Bereich Multimedia,/rc/clk?jk=23569c26fd716f88&fccid=b04508f14e856d36&vjs=3
Studentische Aushilfe - Assistenz Manufacturing Engineering...,/rc/clk?jk=ac40c92fac410dfe&fccid=fc11051b2286772e&vjs=3
AUSHILFE (M/W/D),/rc/clk?jk=9b22460b8d900da0&fccid=525dbd2c91530613&vjs=3
Engagierte Mitarbeiter (m/w/d),/rc/clk?jk=2dcbaeb8f2cd9e14&fccid=61a64f840c0eabcc&vjs=3
Aushilfe (m/w/d) Buchhaltung,/company/alpha--staff-GmbH/jobs/Aushilfe-Buchhaltung-f9a03ce070241079?fccid=4bfa7915a17cb76f&vjs=3
Aushilfe im Service (m/w/d),/company/IntercityHotel-GmbH/jobs/Aushilfe-Service-92ca63fa9e90bd94?fccid=dff8126bc6bb9bb1&vjs=3
Kassierer (m/w/d),/company/EDEKA-Nadine-Driller/jobs/Kassierer-4c080e4738cfa6e3?fccid=03a1a34c28e71ed1&vjs=3
Werkstudent (m/w/d) Kasse,/rc/clk?jk=3d1b3445621ac914&fccid=a9f1aecc1c0d056f&vjs=3
Aushilfe/ Minijobber im Nachtdienst (m/w/d),/rc/clk?jk=d3c00b1325c7b21c&fccid=e9f884de56872fc7&vjs=3
Servicekraft (m/w/d) Toller Nebenjob / Studentenjob im Stadi...,/pagead/clk?mo=r&ad=-6NYlbfkN0CLTfPFYtuR4fvN1QwqM3xerY_A2hdSiNEkNQoZXv3L8jmnxQ5tn-VfavMwff9Und3UIINYXlWDSJFmo4E1wTmmt1N3QNCL7Jvb9hCiOeXtflvgHzGRdMq5E1lL2kslQgXtwYpO5W-UlyOyyvrv4fJ04_5gqYPxOVsoOQsN2CgkSVC_4VofqBoNJLwN7k9L1Gsh3aTf3gyiDk34EWgoklquNjjAy1-csNEUoV_SQvUzOhcAqKBWOiOyU3yUr7UpyYjMxHlGzZYeho7t-CSk9jVtVFfUMU4BvdeydRy86AxeCLn0bz-yd2s_PvEXGi1dcgWjOwoM16qjtcTAAmh_kNaEgrNOsKAWPOyVCyE74kO-QU7L8gcobGQdXmdsQigOktnbXy7x-C5kiP2C2eeXP7TeZivnHD7F_U0diyfIncgWoz5p8ycWmbRl2qV88YDFHZNzEPxvyMKB_ZdqRoZsVHQxl0hHf9TmOJotNvWoMGYKNlS8p6zsrlgdC51I_u4qXpQ_Avvxt_H3ynGuGm0TqvkHgOfGa2lFlkaREmBwkKcxKet5AwEVwR9sGFIjKbgnIUJuPWyshfG3hA==&p=12&fvj=0&vjs=3
Aushilfe Minijob (m/w/d) Regale auffüllen vormittags,/pagead/clk?mo=r&ad=-6NYlbfkN0CWarDvR0q51c5IS7kNjyFmLBKoqFDFduUzjACpeZvh1JMg3u_SKn9STYKntVOznfsoTRWHp-YCBkctAfxaVPLHTvbFnG3wU8ir-CRSZnYPdoHZx2hs3m3vRzm-stLbn4jyiFPL2eZgRi2HT49vAPDa6vkmuHBkZdn0zbVl-1uY5TS2PJQlGr2x-Jp4JkYxgkZTYMG44k6ncJOs0V7wo6IRMyNqKA7Cb6Kz8rkSPwPP9Qq6yxlWZEviwNZhniu-SR7qlTsCSwNUsRqc66XUWOtqyXSwdEkzvb4tQWnB3aXgA-or-USeWXHnpK6XWDXkGBTzRFE4JhnXOP_OLgGQdiX9u_5ujH7J0KEgNJ6EKFOsyTkSQnUAgP0_pSVU2ofUIC4lX-kkOTibX-Rg4cppt9KHoMaRsSbGE8jVeFxvRICfGy5ZBF7XeJY8khnyMIGEuKhn4o7848OzV6XIaVSI-q8UvCCLryEe6GxJkdJgaJkE_fozURzwH3pm1-NKABftgm8=&p=13&fvj=0&vjs=3
Aushilfe für den Verkauf im Einzelhandel auf 450-Euro-Basis...,/pagead/clk?mo=r&ad=-6NYlbfkN0DI_yUp-qQUsmDaq5dl2vWDUURqz6vV8AI0XZN-sMzEL1r8wkIk8O8kQkxW5FCQVbUyNBOW5NCZgHQj3jP1WW7dxzxUoVt0X4-vs-V9pVLN3gFdQqL4i1I9oqBDIJxQdv5VNeJCY7VSM_83ldC4jPbDXl9hFmwxuLP7Wv_nE0JE1qLNjPhpOXXkAY7xBTg1aWPzEtW7igBXvVWysIVNetDgsV18X3vnovanqkS1RaQSkQlcKCVrkcslcyICdbZqF0qGaNc_5hAhbI2qtJKZ_gltCssQ_soi5m7gac11_C09p2aGbMpi6K6__FjMEp9m6UX9Eu3eKJ6qab_qEub9mxO2yiV9R2PT1ys_W1T0hJiZzGVdYUxZji9BVUcaIzKowRrw-PiZ75cus7KbTXKoA16HrLLX0r2uH_GMpgUu-D3pljhFKdXvdR12ueUNhNGS79emPs56HtbACXh0UEhcNO6bE-1OuRTYa3SUn0kHrMCDzsRMzIyR5z02&p=14&fvj=1&vjs=3
Call Center Agent,/pagead/clk?mo=r&ad=-6NYlbfkN0D9hC025_PHQyv_oaUYa9JadSM_uB440xpxLh71UorbTUzw7-z1nzhgLqyBiMlDyXXHAY3nqQd1cnyeCRKrsM74OBHIzh5LxbbW3ja65B_yjNmLdZLGMjyCWKCSaTNoIbVNxp2bZzBbnQz-tie1g6FaK_TGRwRbLy7Ru8KXQ2QSlmHjUGV-CY5gHabvx-DwOb8q3bPetC5XwQSMxb7PqF7rfVgsGlF7hxP-QLuRAW3zTGj1iqHCyURCoVtV5pNeH6LkNSCgpwaECiWnZ7syZuZQbfnP02r8Iw_Ayn8NFXHe6xRGF2iKzjaNYIC0eITauzFUWtgO3Yn4J_e__xjtgnOKG6e_6B1EVVdp3u_HfBOIv3Ih0FwdgV7APsjvZkIYMSzITLITJAabYA7mpWzIVN3dxMdSiQC6hpsgFFKgnypekA==&p=15&fvj=1&vjs=3
Quereinsteiger zum Lokführer / Triebfahrzeugführer (m/w/d),/pagead/clk?mo=r&ad=-6NYlbfkN0CUNadi8lHYJMUmD9ObRO0lQ-Oh9sgwYLvmXzyEZLSrSf2BeZg4Ydlhcdnrb-VnB75Hg7l77-LOK-BPmUrXhkgTfKGekMeyAfe983-4vqPkDd_WoNGg_IpI4pBhsiqy0pbeVdZdKvGXs9JJfkn8UmmQkp5NDygpYQdlsbvN9_eCwxtXmP5SH69xY8GGbPH3mw7G7-vFQJp5RBxjjQ1R286csUfK1ajUAYRCISlHxcNjNm8WA7MK9c0PJqmw0wg5BR0DgJ3Ibj4uUxnVo9BLFrOA1xdIoVAN7LjIJ7dO6L_MVXKN8hznvREJofS-KSPhRVvQlUOCj-OESVhSKAojbZdq9Ydf2S4U7pihnTdUI2d0q6pTTRjJ6kbFl2ign9RHc0hY3eODGXYcrmRbYPelELFojd298nsHJi37Q4Qu778Cix8mj2hzT9QHfcIvOEjlb3C0usAFKkUtJCc3tTK52t3VcJ89Ku0NulPnU1L7vVpwcg==&p=0&fvj=1&vjs=3
Servicekraft (m/w/d) Toller Nebenjob / Studentenjob auf exkl...,/pagead/clk?mo=r&ad=-6NYlbfkN0CLTfPFYtuR4fvN1QwqM3xerY_A2hdSiNEkNQoZXv3L8jmnxQ5tn-VfavMwff9Und3UIINYXlWDSFBxQZ9LEMX9Hx1QL6e8tA3UV1DW37Us3x-ZKj_C-sLSAplZMCTjLKUp7KHtExIWPSV7Ts5JGo6pj2hEkyoki-g-ovHX0xv99eMeg90URKpjfB_j5cK1lLg2NhuP7fumif0oMKmWbX-s39krPdCJ4IW2dySNOq7e2sEj7VVvo0EX92tnOL2iHDn9rTw26OAKdd17a7Y-Nrbk1-gFNEUMk0zfEGGdlQbvkfnmsNmJAAV02crukDXsMmsy_HOmF3kgSm1iv9OMYOefWTJhds0PA4tI0VTwTgYsddPVw3vOwB5muPnPGD6BU9hs1_GzwLB7H4wNFpUwiAyXQQq1pF2TOxXYNqmS4ikeHrGjfKDSADZs6uEsRDKzMdG4-3av5bfVVCuoDom5ZTdE0411RRWaNmNQ5LxWaskmvJy-RiF9jC_GyS38_Anzh714Xn2KYnjlWlqUgsGhEd_v-iF6HozpsG-syusul11sG5BpQb0pNfWP3vjy9YocEVPYWbsesvdwTWbNW2cdeL6T&p=1&fvj=0&vjs=3
Studentische Aushilfe Controlling (*),/rc/clk?jk=18d4e13044cfd516&fccid=f43c9aa070f25551&vjs=3
Warenauffüller (m/w/d),/rc/clk?jk=7007daeab945eeb3&fccid=a9f1aecc1c0d056f&vjs=3
